{
  "metadata": {
    "material": "Mo",
    "material_name": "Molybdenum",
    "thickness_um": 100,
    "n_events": 1000000,
    "beam_fwhm_x_um": 20,
    "beam_fwhm_y_um": 200,
    "timestamp": "2026-02-06T13:29:43.429518"
  },
  "model_description": {
    "depth": "Modified Gruen: D(z) = (z/\u03b1)^\u03b2 \u00d7 exp(-z/\u03b1)",
    "lateral": "Super-Gaussian order 4: G(x) = exp(-(|x|/\u03c3)^4)",
    "full": "E(x,y,z) = N \u00d7 G(x;\u03c3_x) \u00d7 G(y;\u03c3_y) \u00d7 D(z;\u03b1,\u03b2)"
  },
  "results": [
    {
      "voltage_kV": 30,
      "total_energy_keV": 21446193.234366402,
      "n_voxels": 141532,
      "depth": {
        "alpha_um": 0.3871812512343666,
        "beta": 2.7746981788503886,
        "z0_um": -0.2112678800069332,
        "r_squared": 0.9682424661021383
      },
      "lateral_x": {
        "sigma_um": 10.97601770789607,
        "fwhm_um": 20.042208334618223,
        "r_squared": 0.9999226322087179
      },
      "lateral_y": {
        "sigma_um": 108.11564848459604,
        "fwhm_um": 197.41917413287237,
        "r_squared": 0.9989766197192086
      },
      "overall_r_squared": 0.989047239343355
    },
    {
      "voltage_kV": 40,
      "total_energy_keV": 28522896.62388448,
      "n_voxels": 221759,
      "depth": {
        "alpha_um": 0.5024045646487924,
        "beta": 2.7156728783364597,
        "z0_um": -0.23044954577258533,
        "r_squared": 0.981717763436581
      },
      "lateral_x": {
        "sigma_um": 10.988343867337658,
        "fwhm_um": 20.064715901758564,
        "r_squared": 0.9998260623732572
      },
      "lateral_y": {
        "sigma_um": 108.2389468963558,
        "fwhm_um": 197.6443170327457,
        "r_squared": 0.9992345261675563
      },
      "overall_r_squared": 0.9935927839924648
    },
    {
      "voltage_kV": 50,
      "total_energy_keV": 35610438.11353636,
      "n_voxels": 321965,
      "depth": {
        "alpha_um": 0.6374562824954916,
        "beta": 2.746960640749425,
        "z0_um": -0.31552394604029654,
        "r_squared": 0.9932406883310162
      },
      "lateral_x": {
        "sigma_um": 11.028688222099412,
        "fwhm_um": 20.138384693553526,
        "r_squared": 0.9995736034744014
      },
      "lateral_y": {
        "sigma_um": 108.22541928566669,
        "fwhm_um": 197.61961561562737,
        "r_squared": 0.9992829853952373
      },
      "overall_r_squared": 0.9973657590668851
    },
    {
      "voltage_kV": 60,
      "total_energy_keV": 42753839.95110079,
      "n_voxels": 440225,
      "depth": {
        "alpha_um": 0.8074246886376002,
        "beta": 2.722721793143104,
        "z0_um": -0.4328988402088357,
        "r_squared": 0.9969995808637705
      },
      "lateral_x": {
        "sigma_um": 11.058411721386932,
        "fwhm_um": 20.19265980325254,
        "r_squared": 0.9986166731270238
      },
      "lateral_y": {
        "sigma_um": 108.44726232010285,
        "fwhm_um": 198.02470099650782,
        "r_squared": 0.9993854788047277
      },
      "overall_r_squared": 0.9983339109318407
    },
    {
      "voltage_kV": 70,
      "total_energy_keV": 49870063.310156,
      "n_voxels": 583041,
      "depth": {
        "alpha_um": 1.0042439707892477,
        "beta": 2.733510546540766,
        "z0_um": -0.6164666218844815,
        "r_squared": 0.9970898604967938
      },
      "lateral_x": {
        "sigma_um": 11.099317997624496,
        "fwhm_um": 20.26735466366233,
        "r_squared": 0.9966250517061809
      },
      "lateral_y": {
        "sigma_um": 108.31408651513406,
        "fwhm_um": 197.78152197663482,
        "r_squared": 0.999220909858568
      },
      "overall_r_squared": 0.9976452740205142
    },
    {
      "voltage_kV": 80,
      "total_energy_keV": 56975344.38072798,
      "n_voxels": 747740,
      "depth": {
        "alpha_um": 1.2282789630729172,
        "beta": 2.7277755111072177,
        "z0_um": -0.8380192698475336,
        "r_squared": 0.9956250081653354
      },
      "lateral_x": {
        "sigma_um": 11.219662205242127,
        "fwhm_um": 20.487103186772124,
        "r_squared": 0.9942525353612562
      },
      "lateral_y": {
        "sigma_um": 108.23582195667525,
        "fwhm_um": 197.638610892889,
        "r_squared": 0.9991503506173854
      },
      "overall_r_squared": 0.9963426313813257
    },
    {
      "voltage_kV": 90,
      "total_energy_keV": 64154682.44212222,
      "n_voxels": 940322,
      "depth": {
        "alpha_um": 1.4743192931973998,
        "beta": 2.733408516630582,
        "z0_um": -1.108343832329296,
        "r_squared": 0.9941007693122155
      },
      "lateral_x": {
        "sigma_um": 11.318642417378214,
        "fwhm_um": 20.66784105413262,
        "r_squared": 0.9896934026758271
      },
      "lateral_y": {
        "sigma_um": 108.64362372616269,
        "fwhm_um": 198.38325692397308,
        "r_squared": 0.9995181589264158
      },
      "overall_r_squared": 0.9944374436381528
    },
    {
      "voltage_kV": 100,
      "total_energy_keV": 71305431.33735609,
      "n_voxels": 1156346,
      "depth": {
        "alpha_um": 1.742224309170551,
        "beta": 2.7285877492915867,
        "z0_um": -1.401429676152262,
        "r_squared": 0.9928302841743476
      },
      "lateral_x": {
        "sigma_um": 11.55204772737403,
        "fwhm_um": 21.09403915018498,
        "r_squared": 0.9867731550534902
      },
      "lateral_y": {
        "sigma_um": 108.53426100897424,
        "fwhm_um": 198.18356060238696,
        "r_squared": 0.9994486358663295
      },
      "overall_r_squared": 0.9930173583647224
    },
    {
      "voltage_kV": 110,
      "total_energy_keV": 78593292.89383641,
      "n_voxels": 1403645,
      "depth": {
        "alpha_um": 2.023548829638098,
        "beta": 2.7253128105736546,
        "z0_um": -1.7236944086468706,
        "r_squared": 0.9917509417419754
      },
      "lateral_x": {
        "sigma_um": 11.796147805593781,
        "fwhm_um": 21.539765893014245,
        "r_squared": 0.9824398111875577
      },
      "lateral_y": {
        "sigma_um": 108.73536281869191,
        "fwhm_um": 198.55077250693142,
        "r_squared": 0.9995485276317152
      },
      "overall_r_squared": 0.9912464268537494
    },
    {
      "voltage_kV": 120,
      "total_energy_keV": 85855984.88183728,
      "n_voxels": 1683085,
      "depth": {
        "alpha_um": 2.321791364213703,
        "beta": 2.7256936712027806,
        "z0_um": -2.0715093780238103,
        "r_squared": 0.9911467082071636
      },
      "lateral_x": {
        "sigma_um": 12.122431924027586,
        "fwhm_um": 22.13556069327437,
        "r_squared": 0.978820172128829
      },
      "lateral_y": {
        "sigma_um": 108.4495320460404,
        "fwhm_um": 198.0288455160698,
        "r_squared": 0.9992778622924028
      },
      "overall_r_squared": 0.9897482475427983
    },
    {
      "voltage_kV": 130,
      "total_energy_keV": 93242653.2076425,
      "n_voxels": 1991910,
      "depth": {
        "alpha_um": 2.6365577034474463,
        "beta": 2.724083924991489,
        "z0_um": -2.434124263789269,
        "r_squared": 0.9900908429482975
      },
      "lateral_x": {
        "sigma_um": 12.501294216692663,
        "fwhm_um": 22.827363239680803,
        "r_squared": 0.9743703876188909
      },
      "lateral_y": {
        "sigma_um": 108.83821230480275,
        "fwhm_um": 198.73857566856984,
        "r_squared": 0.999583650196205
      },
      "overall_r_squared": 0.9880149602544644
    },
    {
      "voltage_kV": 140,
      "total_energy_keV": 100488534.33056563,
      "n_voxels": 2334061,
      "depth": {
        "alpha_um": 2.971923727221805,
        "beta": 2.724474052351266,
        "z0_um": -2.8386673053184923,
        "r_squared": 0.9886166451310515
      },
      "lateral_x": {
        "sigma_um": 12.964445536130075,
        "fwhm_um": 23.673077548973517,
        "r_squared": 0.9707236952337556
      },
      "lateral_y": {
        "sigma_um": 108.65068429764472,
        "fwhm_um": 198.39614952749926,